Id,NAME,OWNERSHIP,ADDRESS,CITY,STATE_HEADQUARTERED,ZIP,PHONE,AMOUNT_COVERED,AMOUNT_UNCOVERED,REVENUE,COVERED_ENCOUNTERS,UNCOVERED_ENCOUNTERS,COVERED_MEDICATIONS,UNCOVERED_MEDICATIONS,COVERED_PROCEDURES,UNCOVERED_PROCEDURES,COVERED_IMMUNIZATIONS,UNCOVERED_IMMUNIZATIONS,UNIQUE_CUSTOMERS,QOLS_AVG,MEMBER_MONTHS
a735bf55-83e9-331a-899d-a82a60b9f60c,Medicare,GOVERNMENT,,,,,,144244214.46,4360052.78,9461642.40,40112,0,46521,0,37886,0,5742,0,310,0.6317051149500444,56484
26aab0cd-6aba-3e1b-ac5b-05c8867e762c,Humana,PRIVATE,,,,,,44603558.68,5366171.32,32304499.38,11872,0,4763,0,17061,0,6065,0,161,0.9197235375260384,55956
0133f751-9229-3cfd-815f-b6d4979bdd6a,Aetna,PRIVATE,,,,,,59649084.52,5655266.04,33759563.82,12992,0,4213,0,21075,0,6008,0,157,0.9243323676682047,58392
8fa6c185-e44e-3e34-8bd8-39be8694f4ce,Cigna Health,PRIVATE,,,,,,60082828.71,5754377.07,33438323.29,12848,0,4952,0,19109,0,5963,0,155,0.9171977264430671,57912
734afbd6-4794-363b-9bc0-6a3981533ed5,Anthem,PRIVATE,,,,,,54203930.48,5795653.19,33998051.87,13169,0,5111,0,17978,0,6516,0,174,0.9355140387449651,58884
d31fccc3-1767-390d-966a-22a5156f4219,UnitedHealthcare,PRIVATE,,,,,,50474986.82,6013566.71,36958751.71,13452,0,5347,0,18936,0,6486,0,163,0.922015756455226,63876
d18ef2e6-ef40-324c-be54-34a5ee865625,Dual Eligible,GOVERNMENT,,,,,,11316453.73,154126.68,51990.00,2631,0,3294,0,2777,0,593,0,50,0.6717772604287879,5364
b046940f-1664-3047-bca7-dfa76be352a4,Blue Cross Blue Shield,PRIVATE,,,,,,85228390.36,5495461.80,39643582.29,12393,0,4615,0,17886,0,5971,0,419,0.48432175751419876,106608
df166300-5a78-3502-a46a-832842197811,Medicaid,GOVERNMENT,,,,,,91251543.45,1525874.25,692240.00,17901,0,5254,0,26473,0,7784,0,263,0.9077513868124746,68808
b1c428d6-4f07-31e0-90f0-68ffa6ff8c76,NO_INSURANCE,NO_INSURANCE,,,,,,0.00,109858504.03,0.00,0,23638,0,9983,0,33161,0,9124,265,0.9516305217755124,89376
